document_id,title,spec_status,implementation_status,evidence_files,tests,owner,notes
0001,Ústava projektu MIA,ACTIVE,UNKNOWN,,,,
0002,Definice entity,ACTIVE,UNKNOWN,,,,
0003,Definice události,ACTIVE,UNKNOWN,,,,
0004,Definice komponenty,ACTIVE,UNKNOWN,,,,
0005,Architektonické stavební prvky,ACTIVE,UNKNOWN,,,,
0006,Architektura platformy MIA,ACTIVE,UNKNOWN,,,,
0007,Core System,ACTIVE,UNKNOWN,,,,
0008,Runtime Manager,ACTIVE,UNKNOWN,,,,
0009,Lifecycle Manager,ACTIVE,UNKNOWN,,,,
0010,Event Bus,ACTIVE,UNKNOWN,,,,
0011,Event Gateway,ACTIVE,UNKNOWN,,,,
0012,Event Validator,ACTIVE,UNKNOWN,,,,
0013,Event Registry,ACTIVE,UNKNOWN,,,,
0014,Event Router,ACTIVE,UNKNOWN,,,,
0015,Priority Manager,ACTIVE,UNKNOWN,,,,
0016,Queue Manager,ACTIVE,UNKNOWN,,,,
0017,Event Dispatcher,ACTIVE,UNKNOWN,,,,
0018,Monitoring System,ACTIVE,UNKNOWN,,,,
0019,Memory System,ACTIVE,UNKNOWN,,,,
0020,Working Memory,ACTIVE,UNKNOWN,,,,
0021,Short-Term Memory,ACTIVE,UNKNOWN,,,,
0022,Long-Term Memory,ACTIVE,UNKNOWN,,,,
0023,Episodic Memory,ACTIVE,UNKNOWN,,,,
0024,Semantic Memory,ACTIVE,UNKNOWN,,,,
0025,Procedural Memory,ACTIVE,UNKNOWN,,,,
0026,Emotional Memory,ACTIVE,UNKNOWN,,,,
0027,Knowledge Graph,ACTIVE,UNKNOWN,,,,
0028,Decision Engine,ACTIVE,UNKNOWN,,,,
0029,Action Orchestrator,ACTIVE,UNKNOWN,,,,
0030,Goal Management System,ACTIVE,UNKNOWN,,,,
0031,Planning Engine,ACTIVE,UNKNOWN,,,,
0032,Emotion Engine,ACTIVE,UNKNOWN,,,,
0033,Personality Engine,ACTIVE,UNKNOWN,,,,
0034,Conversation Engine,ACTIVE,UNKNOWN,,,,
0035,Speech Engine,ACTIVE,UNKNOWN,,,,
0036,Animation Engine,ACTIVE,UNKNOWN,,,,
0037,Visual Rendering System,ACTIVE,UNKNOWN,,,,
0038,OBS Integration Layer,ACTIVE,UNKNOWN,,,,
0039,Battle Engine,ACTIVE,UNKNOWN,,,,
0040,Inventory Engine,ACTIVE,UNKNOWN,,,,
0041,Economy Engine,ACTIVE,UNKNOWN,,,,
0042,Quest & Progression Engine,ACTIVE,UNKNOWN,,,,
0043,Achievement Engine,ACTIVE,UNKNOWN,,,,
0044,Community Engine,ACTIVE,UNKNOWN,,,,
0045,World Engine,ACTIVE,UNKNOWN,,,,
0046,Story Engine,ACTIVE,UNKNOWN,,,,
0047,NPC & Character Engine,ACTIVE,UNKNOWN,,,,
0048,Creature Evolution Engine,ACTIVE,UNKNOWN,,,,
0049,Plugin & Module Engine,ACTIVE,UNKNOWN,,,,
